{
	"info": {
		"_postman_id": "febf3feb-9160-4683-b291-35c0e263cab1",
		"name": "API negativetestcases",
		"schema": "https://schema.getpostman.com/json/collection/v2.1.0/collection.json",
		"_exporter_id": "28285560"
	},
	"item": [
		{
			"name": "Invalid Login",
			"event": [
				{
					"listen": "test",
					"script": {
						"exec": [
							"pm.test(\"Status code is 401\", function () {\r",
							"  pm.response.to.have.status(401);\r",
							"});\r",
							"\r",
							"pm.test(\"Should return invalid login message\", function () {\r",
							"  var jsonData = pm.response.json();\r",
							"  pm.expect(jsonData.message).to.eql(\"Invalid username or password\");\r",
							"});"
						],
						"type": "text/javascript",
						"packages": {}
					}
				}
			],
			"request": {
				"method": "POST",
				"header": [],
				"body": {
					"mode": "raw",
					"raw": "{\r\n  \"username\": \"invaliduser\",\r\n  \"password\": \"invalidpass\"\r\n}",
					"options": {
						"raw": {
							"language": "json"
						}
					}
				},
				"url": {
					"raw": "http://localhost:5000/login",
					"protocol": "http",
					"host": [
						"localhost"
					],
					"port": "5000",
					"path": [
						"login"
					]
				}
			},
			"response": []
		},
		{
			"name": "Update Invaliduser",
			"event": [
				{
					"listen": "test",
					"script": {
						"exec": [
							"pm.test(\"Status code is 404\", function () {\r",
							"  pm.response.to.have.status(404);\r",
							"});\r",
							"\r",
							"pm.test(\"Should return user not found message\", function () {\r",
							"  var jsonData = pm.response.json();\r",
							"  pm.expect(jsonData.message).to.eql(\"User not found\");\r",
							"});"
						],
						"type": "text/javascript",
						"packages": {}
					}
				}
			],
			"request": {
				"method": "PUT",
				"header": [],
				"body": {
					"mode": "raw",
					"raw": "{\r\n  \"name\": \"Invaliduser\",\r\n  \"address\": \"something\",\r\n  \"dob\": \"1990-01-01\"\r\n}",
					"options": {
						"raw": {
							"language": "json"
						}
					}
				},
				"url": {
					"raw": "http://localhost:5000/users/invaliduser",
					"protocol": "http",
					"host": [
						"localhost"
					],
					"port": "5000",
					"path": [
						"users",
						"invaliduser"
					]
				}
			},
			"response": []
		}
	]
}