{
	"info": {
		"_postman_id": "f8c63165-95bc-4077-b055-4735dc068b5c",
		"name": "Login App API Tests",
		"schema": "https://schema.getpostman.com/json/collection/v2.1.0/collection.json",
		"_exporter_id": "28285560"
	},
	"item": [
		{
			"name": "POST /signup",
			"event": [
				{
					"listen": "test",
					"script": {
						"exec": [
							"pm.test(\"Signup success message\", function () {",
							"  var jsonData = pm.response.json();",
							"  pm.expect(jsonData.message).to.eql(\"User created successfully\");",
							"});"
						],
						"type": "text/javascript",
						"packages": {}
					}
				}
			],
			"request": {
				"method": "POST",
				"header": [
					{
						"key": "Authorization",
						"value": "Bearer {{token}}"
					},
					{
						"key": "Content-Type",
						"value": "application/json"
					}
				],
				"body": {
					"mode": "raw",
					"raw": "{\r\n  \"username\": \"test14\",\r\n  \"password\": \"test123\",\r\n  \"name\": \"Test User14\",\r\n  \"address\": \"123 Main St\",\r\n  \"dob\": \"1991-01-01\"\r\n}",
					"options": {
						"raw": {
							"language": "json"
						}
					}
				},
				"url": {
					"raw": "http://localhost:5000/signup",
					"protocol": "http",
					"host": [
						"localhost"
					],
					"port": "5000",
					"path": [
						"signup"
					]
				}
			},
			"response": []
		},
		{
			"name": "POST /login",
			"event": [
				{
					"listen": "test",
					"script": {
						"exec": [
							"pm.test(\"Login successful message\", function () {",
							"  var jsonData = pm.response.json();",
							"  pm.expect(jsonData).to.have.property(\"message\", \"Login successful\");",
							"});"
						],
						"type": "text/javascript",
						"packages": {}
					}
				}
			],
			"request": {
				"method": "POST",
				"header": [
					{
						"key": "Content-Type",
						"value": "application/json"
					}
				],
				"body": {
					"mode": "raw",
					"raw": "{\"username\": \"test2\", \"password\": \"test123\"}"
				},
				"url": {
					"raw": "http://localhost:5000/login",
					"protocol": "http",
					"host": [
						"localhost"
					],
					"port": "5000",
					"path": [
						"login"
					]
				}
			},
			"response": []
		},
		{
			"name": "GET /users",
			"event": [
				{
					"listen": "test",
					"script": {
						"exec": [
							"pm.test(\"Fetched items\", function () {",
							"    pm.response.to.have.status(200);",
							"    pm.expect(pm.response.json()).to.be.an(\"array\");",
							"});"
						],
						"type": "text/javascript",
						"packages": {}
					}
				}
			],
			"request": {
				"method": "GET",
				"header": [
					{
						"key": "Authorization",
						"value": "Bearer {{token}}"
					}
				],
				"url": {
					"raw": "http://localhost:5000/users",
					"protocol": "http",
					"host": [
						"localhost"
					],
					"port": "5000",
					"path": [
						"users"
					]
				}
			},
			"response": []
		},
		{
			"name": "PUT /users/test3",
			"event": [
				{
					"listen": "test",
					"script": {
						"exec": [
							"pm.test(\"User updated message\", function () {",
							"  const jsonData = pm.response.json();",
							"  pm.expect(jsonData).to.have.property(\"message\", \"User updated successfully\");",
							"});"
						],
						"type": "text/javascript",
						"packages": {}
					}
				}
			],
			"request": {
				"method": "PUT",
				"header": [
					{
						"key": "Authorization",
						"value": "Bearer {{token}}"
					},
					{
						"key": "Content-Type",
						"value": "application/json"
					}
				],
				"body": {
					"mode": "raw",
					"raw": "{\r\n  \"name\": \"Updatedname\",\r\n  \"address\": \"updated Address 80097\",\r\n  \"dob\": \"1999-12-31\"\r\n}"
				},
				"url": {
					"raw": "http://localhost:5000/users/test3",
					"protocol": "http",
					"host": [
						"localhost"
					],
					"port": "5000",
					"path": [
						"users",
						"test3"
					]
				}
			},
			"response": []
		},
		{
			"name": "DELETE /users/test12",
			"event": [
				{
					"listen": "test",
					"script": {
						"exec": [
							"pm.test(\"Item deleted\", function () {",
							"    pm.response.to.have.status(200);",
							"    pm.expect(pm.response.json().message).to.include(\"deleted\");",
							"});"
						],
						"type": "text/javascript",
						"packages": {}
					}
				}
			],
			"request": {
				"method": "DELETE",
				"header": [
					{
						"key": "Authorization",
						"value": "Bearer {{token}}"
					}
				],
				"url": {
					"raw": "http://localhost:5000/users/test12",
					"protocol": "http",
					"host": [
						"localhost"
					],
					"port": "5000",
					"path": [
						"users",
						"test12"
					]
				}
			},
			"response": []
		}
	],
	"event": [
		{
			"listen": "prerequest",
			"script": {
				"type": "text/javascript",
				"packages": {},
				"exec": [
					""
				]
			}
		},
		{
			"listen": "test",
			"script": {
				"type": "text/javascript",
				"packages": {},
				"exec": [
					""
				]
			}
		}
	],
	"variable": [
		{
			"key": "baseUrl",
			"value": "http://localhost:5000/login",
			"type": "string"
		},
		{
			"key": "token",
			"value": "",
			"type": "string"
		},
		{
			"key": "itemId",
			"value": "",
			"type": "string"
		}
	]
}